precision,recall,f1-score,support
0.9649086998163006,0.966532460996477,0.9657198978589667,63584.0
0.0,0.0,0.0,213.0
0.09117896522476675,0.09547069271758436,0.09327548806941431,2252.0
0.9337158776060198,0.9337158776060198,0.9337158776060198,0.9337158776060198
0.3520292216803558,0.3540010512380205,0.352998461976127,66049.0
0.9320063861497649,0.9337158776060198,0.9328587924812921,66049.0
