precision,recall,f1-score,support
0.9839529661281268,0.970438500699817,0.977149007673783,65017.0
0.0,0.0,0.0,201.0
0.0015584415584415584,0.0036101083032490976,0.002177068214804064,831.0
0.9553210495238383,0.9553210495238383,0.9553210495238383,0.9553210495238383
0.3285038025621894,0.3246828696676887,0.32644202529619565,66049.0
0.9685985414417703,0.9553210495238383,0.9619086765221706,66049.0
