precision,recall,f1-score,support
0.9181850005834403,0.9055800341970275,0.9118389577280591,60824.0
0.0,0.0,0.0,449.0
0.04801980198019802,0.06092964824120603,0.05370985603543743,4776.0
0.8383472876197974,0.8383472876197974,0.8383472876197974,0.8383472876197974
0.3220682675212128,0.32216989414607783,0.3218496045878322,66049.0
0.84902159078479,0.8383472876197974,0.8435890178091526,66049.0
