precision,recall,f1-score,support
0.9864367429854439,0.9955297273133661,0.9909623764806973,64873.0
0.0,0.0,0.0,447.0
0.4204152249134948,0.3333333333333333,0.3718439173680183,729.0
0.9814834441096761,0.9814834441096761,0.9814834441096761,0.9814834441096761
0.46895065596631297,0.4429543535488998,0.4542687646162385,66049.0
0.9735135055285719,0.9814834441096761,0.977422466126566,66049.0
