precision,recall,f1-score,support
0.9680487880574781,0.9784187330416099,0.973206137237619,63759.0
0.0,0.0,0.0,310.0
0.05040448039825762,0.04090909090909091,0.04516308893225537,1980.0
0.9457221153991734,0.9457221153991734,0.9457221153991734,0.9457221153991734
0.33948442281857855,0.3397759413169003,0.3394564087232914,66049.0
0.9359963595049932,0.9457221153991734,0.9408177719605022,66049.0
