precision,recall,f1-score,support
0.9955185339441899,0.9090577174673685,0.9503256228182476,65734.0
0.0,0.0,0.0,93.0
0.004316069057104913,0.11711711711711711,0.008325328210054434,222.0
0.9051158988024043,0.9051158988024043,0.9051158988024043,0.9051158988024043
0.3332782010004316,0.34205827819482854,0.319550317009434,66049.0
0.9907852272951604,0.9051158988024043,0.945821325276648,66049.0
