precision,recall,f1-score,support
0.8071450569756699,0.9885521377515418,0.8886854352635997,53023.0
0.0,0.0,0.0,5724.0
0.017132551848512173,0.0026020268419611066,0.0045178932350493405,7302.0
0.7938803009886599,0.7938803009886599,0.7938803009886599,0.7938803009886599
0.274759202941394,0.33038472153116766,0.29773444283288303,66049.0
0.6498562317312719,0.7938803009886599,0.7139208389284346,66049.0
