precision,recall,f1-score,support
0.9770805906704522,0.9535618092319124,0.9651779489067678,64602.0
0.0,0.0,0.0,298.0
0.0006662225183211193,0.0017406440382941688,0.0009636232233196819,1149.0
0.9327014792048328,0.9327014792048328,0.9327014792048328,0.9327014792048328
0.3259156043962578,0.31843415109006884,0.32204719071002913,66049.0
0.9556863208854957,0.9327014792048328,0.9440496155635756,66049.0
